id,jargon,definition,analogy,example,category
b1e67166-bfd6-45fc-ba28-22ea94adfbf2,Data,"Data is the information collected about something or someone. It's like a bunch of notes or facts written down about a person, place, or thing.","Think of a diary where you write down everything that happens to you each day. The entries are like data, they contain information about your day.","A fitness app collecting information about your workouts, such as the distance you ran or the weight you lifted.",Core Concepts
acbb91b7-fa71-4837-ae8f-d2d5197b0176,Dataset,"A dataset is a collection of information, like a bunch of notes or a stack of files, that a machine learning system uses to learn from. It's like a big library of data that the system can read and understand.","Imagine a huge library with books, each book containing information about a specific topic. The machine learning system is like a librarian who reads through all the books to learn and understand the information.",A dataset of images of dogs and cats that a system uses to learn how to recognize and classify different animals.,Core Concepts
d3504e17-d4f4-49df-92d6-ef20042a1334,Feature,"A feature is a characteristic or property of something that can be measured or described. For example, if you're looking at a picture of a car, some features might be its color, make, or number of wheels.","Think of a person's features - their height, eye color, or hair color. These are the things that make them who they are.","In a machine learning model that tries to predict house prices, some features might be the number of bedrooms, the square footage, or the location of the house.",Core Concepts
42632da1-a400-49f0-b325-e13c58ac8e6f,Label,"A label is a word or phrase used to describe a piece of data. It helps the machine understand what the data means, like a name tag.",Imagine a library where books are labeled with their titles and authors. The labels help you find the right book.,"A picture of a dog might be labeled as ""dog"" so the machine can recognize it as a dog in the future.",Core Concepts
c7ffaa6c-c8e8-4a6a-9250-c495ec36c55f,Target,"In machine learning, a target is the result or outcome that you want the system to achieve. It's what you're trying to predict or classify.",Imagine you're trying to hit a target with an arrow. The target is the bullseye – it's what you're aiming for.,"A self-driving car's target might be to avoid hitting pedestrians, while a language model's target could be to generate human-like text.",Core Concepts
c84c5b27-8baf-4d96-8e39-e4a6be5e5a1e,Sample,A sample is a small group of data taken from a larger collection. It's like a snapshot of the bigger picture.,Imagine taking a small handful of cookies from a big jar to taste and decide if they're sweet or not. The handful of cookies is the sample.,A machine learning model might use a sample of customer reviews to understand what people like or dislike about a product.,Core Concepts
90656d36-1125-40d5-aab1-ca4d93995adb,Model,A model is a simplified version of how something works. It's like a blueprint or a template that helps the machine make predictions or decisions.,"Think of a model as a LEGO kit. You build the kit to create a replica of something, like a house or a car. The kit has all the necessary pieces, and when you put them together, you get a representation of the real thing.","A weather forecasting model uses data to predict the temperature and weather conditions for a certain area, giving us a simplified version of how the weather will behave.",Core Concepts
4e68fb24-b382-4a01-8f87-1f12e279615b,Algorithm,An algorithm is a set of instructions that a computer follows to solve a problem or complete a task. It's like a recipe for the computer to follow.,"Think of a recipe for making your favorite cake. It lists the ingredients, the steps to mix them, and the oven temperature. The computer follows its algorithm to get the desired result.","Google's search engine uses an algorithm to rank websites based on relevance, so you see the most useful results when you search for something.",Core Concepts
86c36b43-588b-4ae8-a85c-34c83ad83c39,Prediction,"It's when a machine uses what it has learned to guess what might happen next, like making a forecast. This guess is called a prediction.","Imagine you're trying to guess the weather tomorrow. You look at today's weather, the season, and other clues. Based on that, you make a prediction about what the weather will be like tomorrow.",A self-driving car uses prediction to anticipate when it needs to slow down or stop at an intersection.,Core Concepts
aed66948-1b54-468a-a8a2-50620e1efc4d,Training,Training is when a machine learning system learns from a large amount of data. It's like reading a lot of books to become smarter.,"Imagine you're learning a new language by listening to native speakers talk. The more you listen, the better you understand.",A self-driving car's system is trained on millions of images of roads to learn how to navigate safely.,Core Concepts
e271190f-9260-4dee-b2ab-d3f1a1920dba,Machine Learning,Machine learning is a way that computers learn and improve on their own by looking at data and finding patterns. It's like how you learn to recognize a friend's face by seeing it many times.,"Imagine you're trying to guess the flavor of a new ice cream based on its color and smell. The more you try different flavors, the better you get at guessing. Machine learning is like that, but for computers.",A virtual assistant learning to recognize your voice and respond to your commands.,Learning Types
56f33f3e-1b4f-4fc9-bdd5-efcafa1a5652,Supervised Learning,It is a type of machine learning where the system learns using data that already has correct answers. The system uses this to make predictions on new data.,"Imagine a librarian helping you find books. They show you examples of books with their correct labels, like ""Fiction"" or ""Non-Fiction"". Over time, you learn to find the right labels on your own.","A self-driving car learning to recognize traffic lights by using pictures of red and green lights that have been labeled as ""stop"" or ""go"".",Learning Types
68805f78-039e-409e-ac09-2d6c4bdf8314,Unsupervised Learning,It is a type of machine learning where the system learns using data that does not have correct answers. The system finds patterns and relationships on its own.,"Imagine you're organizing a big box of clothes. You don't know which ones are socks, shirts, or pants, but you can still sort them by color, size, or type.","A music streaming service grouping similar songs together, like all the songs by a certain artist or all the songs with a similar genre.",Learning Types
f7834f35-2ebe-4c98-ae6c-716f86f930b0,Semi-Supervised Learning,It is a type of machine learning where the system learns using a mix of data with correct answers and data without answers. This helps the system make predictions on new data.,"Imagine you're trying to learn a new language, and you have a friend who speaks the language fluently. You can practice with your friend by listening to them and trying to repeat what they say. But sometimes, you also try to learn from listening to music or TV shows in the language, even though you don't have anyone to correct you.","A self-driving car learning to recognize different types of roads by using a mix of labeled data (roads that have been marked as ""highway"" or ""city street"") and unlabeled data (just regular roads it has driven on before).",Learning Types
23347f53-66b3-42bf-af98-e4d699fbff90,Reinforcement Learning,Reinforcement learning is a type of machine learning where a system learns by doing things and getting feedback on how good or bad it was. This helps the system to improve its actions over time.,"Imagine a child learning to ride a bike. The parent gives feedback like ""good job"" or ""try again"" as the child practices. The child uses this feedback to improve their balance and eventually ride the bike smoothly.",A self-driving car learning to navigate through traffic by getting rewards for safe driving and penalties for accidents.,Learning Types
fdb55664-ff75-4638-a754-f023503b5473,Transfer Learning,"It is a way for a machine learning system to use knowledge it learned from one task, and apply it to a different but related task. This helps the system learn faster and be more accurate.","Imagine you learned to ride a bike in a park with smooth paths. Now, you want to ride in a hilly area. You can use the skills you learned in the park to help you ride more smoothly in the hilly area.","A self-driving car learning to recognize pedestrians by using its knowledge of recognizing cars, which is similar but not exactly the same task.",Learning Types
03e28180-2176-4624-915a-dd972d0f2da7,Dataset,"A dataset is a collection of information, like a big library of books. It's a group of data points, such as numbers, words, or pictures, that are used to train or test a machine learning model.","Imagine a bunch of files in a file cabinet. Each file contains information about a person, like their name, age, and address. A dataset is like all the files in the cabinet, which can be used to learn more about the people.","A company might create a dataset of customer information, including their purchase history and demographics, to help a machine learning model predict which customers are likely to buy a new product.",Data Basics
7dcabcfb-2746-46b1-9d6d-804ee8666d55,Feature,A feature is a characteristic or quality of something that can be measured or described. It's like a single piece of information about an object or a person.,"Imagine you're describing a friend. A feature could be their hair color, eye color, height, or favorite food. Each one is a separate detail that helps you get to know them better.","In a machine learning model that predicts house prices, some features might be the number of bedrooms, the square footage, or the location of the house.",Data Basics
d4f14c59-d903-4212-8f0b-ae1fd94653d7,Target,The target is the result or outcome we want to achieve or predict. It's like the goal we're aiming for.,"Imagine you're at a shooting range. The target is the bullseye – the spot you're trying to hit. In machine learning, the target is the outcome we're trying to reach.",A self-driving car's target might be to predict the speed limit on a road.,Data Basics
d221dcc8-1508-4739-9c30-86d0c6d5b05a,Noise,"Noise in data is like background chatter in a crowded room - it's the extra, unwanted information that can make it hard to hear the important stuff. It can be errors, missing values, or irrelevant data.","Imagine trying to listen to a conversation in a busy café. You can hear people talking in the background, but it's hard to focus on the person you're trying to talk to. That's similar to noise in data - it's the extra, distracting information that gets in the way.","A camera taking a picture of a car might capture noise from the environment, like a bird chirping or a car driving by, which can make it harder to recognize the car's features.",Data Basics
959a1faf-fc1b-458f-88c9-7172a32d943e,Structured Data,"It is a type of data that is organized in a specific way, like a table or a list with clear labels. This makes it easy to understand and use.","Imagine a library with books neatly arranged on shelves, each one labeled with the title and author. You can easily find the book you need.","A spreadsheet with columns for names, ages, and addresses is an example of structured data.",Data Basics
65a840da-6329-4445-8aa5-c781833bbcbc,Unstructured Data,Unstructured data is information that doesn't follow a specific pattern or organization. It's like a messy room where things are scattered all over.,"Imagine a photo album where you have pictures of your vacation, but there's no order or caption. You just have a bunch of memories.",A social media post where you share a funny meme without any labels or categories.,Data Basics
9a81c84f-d5df-4914-914c-10d6cfc6afc4,Tabular Data,"It is a type of data that is organized into rows and columns, like a table. Each row represents one piece of information, and each column represents a specific detail about that information.","Imagine a spreadsheet for a school's student records. Each row is a student's information, and each column shows their name, age, grade, and so on.","A database of customer orders, where each row is an order and each column shows the order date, customer name, product purchased, and total cost.",Data Basics
beb79161-2bef-491f-9987-01f2d24dd04b,Time Series,"A time series is a collection of data points that are ordered in time, like a list of temperatures measured every hour for a day. It shows how something changes over time.","Imagine a calendar where you mark the days it rains in a year. The list of rainy days is a time series, showing you when it rained and when it didn't.","A weather app showing the temperature forecast for the next week, with each day's temperature reading as a data point in a time series.",Data Basics
617c09a5-ba15-43a7-8463-8b753a4abd9f,Missing Values,"Missing values are empty or unknown pieces of information in a dataset. Imagine a spreadsheet with a column for your age, but some rows have a blank space where your age should be.","Like a survey where people are asked to fill in their favorite color, but one person forgets to write it down.","A weather app trying to predict the temperature for a city, but it can't because some historical data is missing.",Data Basics
f7731053-e5f0-4470-ad29-bf5cc70b7436,Outliers,Outliers are data points that are very different from the rest. They are like the odd one out in a group of similar things.,Imagine you're at a party with a bunch of people wearing casual clothes. But then one person shows up wearing a fancy suit and tie. That person is like an outlier – they stand out from the rest.,"A fitness tracker that normally records a person's daily steps may show an outlier of 100,000 steps on one day, which is unusually high compared to their usual activity.",Data Basics
b743e980-8f80-43f3-8394-1bb47426b263,Data Cleaning,Data cleaning is the process of making sure the information in a dataset is correct and complete. It's like checking a list of names and addresses for mistakes.,"Imagine you're organizing a phonebook, but there are many wrong numbers and misspelled names. You would go through the book, correcting the mistakes so it's accurate and useful.","A company might clean their customer database by removing duplicate entries and fixing incorrect email addresses, so they can send targeted marketing campaigns.",Data Basics
6b715e1b-c8f6-4bdb-9375-59c27f657b7e,Feature Selection,Feature selection is choosing the most important information from a big dataset so that the machine learning model can learn and make better predictions. It's like selecting the most relevant questions to ask a person to get the most useful information.,"Imagine you're planning a surprise party and you want to ask your friend about the guest of honor's favorite food. You could ask many questions, but asking if they like pizza or ice cream would give you the most useful information. Feature selection is like choosing the most important questions to ask.",A self-driving car might use feature selection to decide which camera angles or sensor readings are most important to look at when navigating a busy intersection.,Data Basics
2daefc5b-d8ef-4922-9f0e-aea1206f721d,Data Preprocessing,Data preprocessing is the process of cleaning and getting ready data for a machine learning model to use. It's like sorting through a messy closet and organizing your clothes so they're easy to find.,"Imagine you're planning a road trip and you have a bunch of old maps, but they're torn and hard to read. You would take the time to fix the maps, so they're clear and easy to follow.",A company might preprocess customer data by removing duplicate names and fixing incorrect phone numbers before using it to create a customer segmentation model.,Data Basics
7e9c2667-768a-4028-98bf-cbb6beb38d2d,Feature Engineering,Feature engineering is the process of selecting and creating the right information from data that a machine learning model can use to make predictions. It's like preparing a puzzle for the model to solve.,"Imagine you're planning a road trip and you have a map with a bunch of random points on it. Feature engineering would be choosing the right roads, landmarks, and directions to include on the map so that you can navigate easily.","A company uses feature engineering to create a new dataset for predicting customer purchases by including information like the time of day, weather, and day of the week, which helps their model make more accurate predictions.",Data Basics
920b594a-d050-4191-912e-e52a61556f87,Data Leakage,Data leakage is when sensitive information from a group of people is accidentally shared with others who shouldn't see it. This can happen when data is not properly stored or protected.,"Imagine a friend sharing your secret birthday party plans with someone you didn't invite. You trusted your friend with the information, but now it's out, and you're not happy about it.","A company's customer database gets hacked, and the hacker shares the information with other companies, revealing customer addresses and phone numbers.",Data Basics
0efd0071-61ea-4ddf-9c42-54d449282b10,Python,Python is a type of computer language that helps humans communicate with computers in a way that's easy to read and understand. It's like writing a recipe for a computer.,"Imagine writing a recipe for your favorite cake. You list the ingredients, the steps to follow, and the order in which to do things. Python is like writing that recipe, but for a computer.","Python is often used to build machine learning models, like the one that helps an email filter sort emails into spam or not spam.",Programming Basics
a8d01b00-93af-4d4c-b164-137400eea129,Notebook,A notebook is a special book where you can write and save all your code and notes while working on a project. It helps you keep track of what you've done and what you still need to do.,"Think of a notebook like a school notebook where you write down your ideas, notes, and homework. You can write, erase, and rewrite as many times as you need to.","A data scientist uses a notebook to write code for a machine learning model, save the results, and experiment with different ideas.",Programming Basics
fb46fae0-2639-4176-aaf8-013a21657060,Scikit Learn,Scikit Learn is a collection of tools that helps programmers build and use machine learning models. It's like a toolbox filled with various tools to make building models easier.,"Imagine having a set of pre-made LEGO pieces that you can use to build different structures. Scikit Learn is like that, but for machine learning models.",Programmers use Scikit Learn to quickly build and test machine learning models for tasks like image classification or natural language processing.,Programming Basics
e993fb52-98cb-4211-b5c0-8263ad231bbe,Environment,"It is the setup or the space where a program runs and uses its resources, like a computer or a phone. It includes everything the program needs to work properly.","Imagine a desk with all the tools and materials you need to work on a project, like a pen, paper, and a ruler. The desk is like the environment, and the tools are like the resources the program uses.","A web browser's environment includes the internet connection, the computer's memory, and the operating system, which all work together to display web pages.",Programming Basics
b9e07fca-0ffd-4002-a244-95ecaf5fae95,Variable,A variable is a container that holds a value. It's like a labeled box where you can store and use a piece of information.,Think of a variable like a labeled box in your closet. You can store clothes in it and then easily find them again by looking at the label.,A weather app using a variable to store the current temperature so it can display it on the screen.,Programming Basics
099fad21-33d7-44f0-a3d7-0680494bb2d7,Function,A function is a set of instructions that does a specific task when you ask for it. It's like a recipe that you can follow to make something happen.,"Think of a function like a recipe for your favorite cake. You put in the ingredients (inputs), follow the steps, and get the delicious cake (output).",A calculator function that takes in numbers and gives you their sum.,Programming Basics
3d098347-26e6-4513-b088-67d96323cc39,Loop,A loop is a way for a computer to keep doing something over and over again until a certain condition is met. It's like a never-ending circle.,"Imagine you're at a party and you're waiting for your friend to arrive. You keep checking the door every minute until they finally show up. You're not doing anything else until they arrive, just waiting and checking the door.",,Programming Basics
8554da9d-1015-4602-9fb7-5ecb99ebf893,Condition,A condition is a statement that can be either true or false. It's like a yes or no question that the system checks to see if something happens.,"Imagine you're at a bus stop and it's raining. A condition would be ""is it raining?"" If the answer is yes, you take an umbrella. If the answer is no, you don't.",A program checking if a user is logged in before showing them their account information.,Programming Basics
68e59fbb-93ce-4251-b48d-c99341ae4a31,Library,A library is a collection of pre-written code that helps programmers do their jobs more efficiently. It's like a toolbox where you can find useful tools to use in your work.,"Imagine a carpenter's workshop with shelves full of tools, each one designed for a specific task. The carpenter can grab the right tool for the job and get to work without having to build it from scratch.","A programmer might use a library to create a calculator that can handle different types of math operations, without having to write the code for each operation from scratch.",Programming Basics
362e656f-6d23-45e1-ad3d-3d2a0eec4b29,Package,A package is a collection of pre-written code that helps you complete a task. It's like a toolbox where you can find useful tools to use in your projects.,"Imagine you're going to build a bookshelf. Instead of making every single screw and nail from scratch, you buy a pre-made bookshelf kit. The kit has all the necessary parts, and you just assemble them. A package is like that kit, but for code.","When you use a package to help you sort data in your project, you're using a pre-made tool to make your job easier.",Programming Basics
0ad3dc01-e7b1-40d6-a0a9-29bf8ac8663e,Script,A script is a set of instructions that a computer can understand and follow. It's like a recipe for the computer to do something.,"Imagine writing a list of steps to make your favorite sandwich. You write down what ingredients to use, how to cut them, and how to put them together. A script is like that list, but for the computer.",A video game's storyline is often controlled by a script that tells the computer what to show the player next.,Programming Basics
3af72bb7-4ebb-4c95-90da-75e4713674a1,Debugging,Debugging is the process of finding and fixing mistakes in a computer program. It's like being a detective and figuring out what went wrong.,"Imagine you're trying to fix a bike that won't move. You check the tires, the chain, and the brakes to find out what's broken and fix it.",A self-driving car's AI system detects an error in its navigation and adjusts its route to avoid an accident.,Programming Basics
ec621731-bd28-4a59-bdf3-571588e67b48,Version Control,"Version control is a way to keep track of changes made to a project over time. It helps you see what was changed, when, and by whom.","Imagine you're working on a group project with friends, and you're all making changes to a shared document. Version control is like keeping a record of who typed what, and when, so you can see what changes were made and go back to a previous version if needed.","A software development team using version control to keep track of updates to a mobile app, so they can easily see what changes were made and fix any bugs.",Programming Basics
178f6191-02cf-4f67-9741-9c6b4e9b9295,Mean,The mean is a way to find the average of a group of numbers. It's like finding the middle value when you add up all the numbers and divide by how many there are.,"Imagine you have 5 friends who brought different amounts of money to share: $5, $10, $8, $3, and $12. To find the mean, you add up all the money ($38) and divide by how many friends there are (5), so each friend gets $7.60.",A self-driving car uses the mean speed of other cars on the road to adjust its own speed and avoid accidents.,Math Basics
ebc974ae-72b9-416e-8150-26ff783e281b,Median,"The median is the middle value in a list of numbers when they are arranged in order. If there are an even number of values, the median is the average of the two middle values.","Imagine you have a line of people waiting for a concert, and you ask everyone how tall they are. You then put the heights in order from shortest to tallest. The median height is like the height of the person right in the middle of the line.","A company wants to know the average salary of its employees, but they don't want to be affected by the very high or very low salaries. They might use the median salary instead, which gives a better idea of the ""normal"" salary.",Math Basics
a70e8d22-f8c3-4015-afc8-b2a2ab8e064b,Mode,The mode is the value that appears most often in a set of numbers. It's like the most popular choice.,"Imagine you're at a restaurant and they ask how spicy you like your food. Most people might say ""medium"", so ""medium"" would be the mode.","A survey finds that the most popular color among respondents is blue, so blue is the mode of the survey results.",Math Basics
f9ac8064-98b8-41b5-8a47-156b320052c3,Probability,Probability is a measure of how likely something is to happen. It's like a number between 0 and 1 that shows the chance of an event occurring.,"Imagine flipping a coin. Heads or tails? The probability of getting heads is 0.5, which means it's equally likely to happen as getting tails.",A weather forecast saying there's a 30% chance of rain tomorrow means there's a one-in-three chance it will rain.,Math Basics
609c4559-0dba-480f-a82c-ca1750fdccb6,Distribution,A distribution is a way to describe how things are spread out or shared among different groups. It's like counting how many apples you have in different baskets.,"Imagine you have a bag of different colored candies. A distribution would tell you how many red, blue, and green candies you have in the bag.","In machine learning, a distribution can describe how data is spread out, such as the age of people in a city, which helps model how likely it is to be a certain age.",Math Basics
1632e752-fd4d-4432-9f11-7b3a073c7fd4,Variance,Variance is a measure of how much a set of numbers changes or differs from the average. It shows how spread out the numbers are.,"Imagine a bunch of kids standing in a line, each wearing a different colored shirt. Variance is like measuring how much the colors vary from the most common color. If most kids wear blue, and only a few wear other colors, the variance is low. But if half wear blue and half wear red, the variance is high.","A machine learning model uses variance to understand how different features, like height or weight, affect the outcome of a prediction.",Math Basics
42054bae-6431-4269-8ec4-b1a4295a5365,Standard Deviation,Standard deviation is a measure of how spread out a set of numbers is. It's like finding the average distance of each number from the middle value.,"Imagine a bunch of people standing in a line, with some closer to the average height and some farther away. Standard deviation is like measuring how far apart everyone is from the average height.","A company uses standard deviation to understand how much variation there is in employee salaries, so they can set fair bonuses.",Math Basics
1a614d59-6467-45bc-9ae2-dfe21a712bae,Vector,"A vector is a way to show the direction and strength of something. It's like an arrow pointing in a certain direction, with a length that shows how strong it is.","Imagine you're on a hike and you need to get to a friend's house. You can draw an arrow on a map to show the direction you need to walk, and the length of the arrow can show how far you need to go.","When you're searching for a location on Google Maps, it shows you the direction and distance to get there, which is like a vector showing you how to get there.",Math Basics
3f32a1d2-178b-45fa-8f23-d5a630eb2eea,Matrix,"A matrix is a table of numbers, symbols, or values arranged in rows and columns. It's like a spreadsheet where you can perform calculations.","Imagine a grid of squares on a piece of paper, where each square has a number or a value inside. You can do math operations on these numbers, like adding or multiplying them.","In machine learning, a matrix is used to represent a dataset of images, where each row is a picture and each column is a feature of that picture, like color or brightness.",Math Basics
f050b61e-add8-46d0-8fe8-50d44fcfa7cf,Linear Regression,Linear Regression is a type of machine learning that predicts a continuous value based on one or more inputs. It tries to find a straight line that best fits the data.,"Imagine you're trying to guess how much water a cup can hold based on its size. You measure many cups and their water capacities, and then you try to draw a straight line that best represents the relationship between the cup size and water capacity.","A company uses Linear Regression to predict house prices based on the number of bedrooms, square footage, and location, so they can set a fair price for a new house.",ML Models
6c9d7386-9b8e-40a9-8d4d-0629de57704a,Logistic Regression,"Logistic Regression is a type of machine learning model that helps make predictions by looking at how likely something is to happen. It uses a special formula, $P(y=1) = \frac{1}{1 + e^{-z}}$, to decide on a yes or no answer.","Imagine you're trying to decide whether to go to the beach or not, based on the weather forecast. You look at the chances of it being sunny, and if it's above 50%, you go to the beach. If it's below 50%, you stay home. Logistic Regression works in a similar way, but with numbers and data.","A website using Logistic Regression to decide whether to show a user a special promotion, based on their past behavior and demographics.",ML Models
106ea913-3307-4f24-bf19-c6cfab537da7,Decision Tree,"A decision tree is a way to break down a problem into smaller, simpler choices. It's like a flowchart that helps the system decide what to do next.","Imagine a restaurant menu with many options. A decision tree is like a series of questions: ""Do you like meat?"" ""Is it beef or chicken?"" ""Do you want fries or a salad?"" Each answer leads to the next question until you get to the final choice.",A customer service chatbot using a decision tree to figure out the customer's problem and offer a solution based on their answers.,ML Models
3a7ca752-8a5e-4fb5-931a-34d7506befa0,Random Forest,It is a type of machine learning model that works by combining many smaller models to make predictions. Each smaller model uses a random selection of data to make its decision.,Imagine a group of friends trying to guess the flavor of a new ice cream. Each friend tastes a different part of the ice cream and makes a guess. The group then combines their guesses to decide on the most likely flavor.,"A Random Forest model might be used by an e-commerce website to predict which products a customer is likely to buy, by combining the predictions of many smaller models that each looked at different customer data.",ML Models
50aba2de-dba6-4cbd-8e36-13dcd74c6d24,K-Nearest Neighbors,"It's a way for a machine to guess what something is by looking at how similar it is to other things it already knows. It finds the closest ""neighbors"" in the data and uses their characteristics to make a prediction.","Imagine you're trying to guess the type of music someone likes based on their favorite artist. You look at the artists your friends like and try to find the ones that are most similar to the one you're curious about. If most of your friends like the same type of music, you're more likely to guess correctly.","A self-driving car uses K-Nearest Neighbors to recognize pedestrians by comparing them to pictures of people it has seen before, and then making a prediction about who or what they are.",ML Models
10591056-f35c-45a9-9b6a-2c1a98b7eb02,Naive Bayes,Naive Bayes is a type of machine learning model that makes predictions based on the probability of certain events happening together. It uses a simple formula: $$P(A|B) = \frac{P(B|A) \cdot P(A)}{P(B)}$$ to figure out the likelihood of something happening.,"Imagine you're at a music festival and you see a group of people wearing yellow t-shirts. You also notice that most of the people wearing yellow t-shirts are carrying guitars. Using this information, you might think that someone wearing a yellow t-shirt is more likely to be carrying a guitar.","A spam filter using Naive Bayes to decide whether an email is spam or not, based on the words used in the email and the probability of those words appearing in spam emails.",ML Models
ca47a53f-6da5-4f79-baed-a7b82e47be28,Support Vector Machine,A Support Vector Machine (SVM) is a type of machine learning model that finds the best line to separate different groups of data. It looks for the line that leaves the biggest gap between the groups.,"Imagine you have a bunch of balls of different colors, and you want to find a line that can separate the red balls from the blue balls. The SVM model will find the line that is farthest away from both groups, making it the best separator.",An image classification model using SVM to distinguish between pictures of dogs and cats by finding the best line to separate the two groups in a high-dimensional space.,ML Models
dcfb0771-94db-49f2-b07f-3a5e35625473,K-Means,"K-Means is a type of machine learning model that groups similar things together. It does this by finding the average of all the things in each group, called the ""center.""","Imagine you're at a big party with people from different countries. K-Means is like asking people to stand together with those who look similar to them. Over time, the groups form, and you can see the average height, weight, or hair color of each group.","A company uses K-Means to group customers based on their shopping habits, so they can send targeted ads to the right people.",ML Models
6942a266-315a-4965-bef9-5706eda62b3d,Principal Component Analysis,"Principal Component Analysis (PCA) is a way to simplify complex data by finding the most important features. It does this by creating new features that are a combination of the original ones, and then removing the less important ones.","Imagine you have a big box of clothes with many different shirts, pants, and dresses. PCA is like sorting the clothes into categories, like tops and bottoms, to make it easier to find what you need.","A company uses PCA to analyze customer data, such as age, income, and purchase history, to identify the most important factors that affect customer behavior, and then use that information to create targeted marketing campaigns.",ML Models
f8329b61-6bfe-40bf-9100-54662b8b8c37,Gradient Boosting,"Gradient boosting is a way for a machine learning model to improve its predictions by combining multiple weak models. It does this by adjusting the model's predictions slightly each time, to get closer to the correct answer.","Imagine a group of people trying to guess the weight of a heavy box. Each person gets a slightly different answer, but they're all close. By averaging their guesses, they get a more accurate answer. Gradient boosting does something similar, but with models that make predictions.","A credit scoring model uses gradient boosting to predict whether someone will pay back a loan. It combines multiple models that look at different factors, like income and credit history, to make a more accurate prediction.",ML Models
4b4b6187-073b-4645-89e9-6e489c2d011f,XGBoost,XGBoost is a type of machine learning model that uses decision trees to make predictions. It's like a combination of many simple decision-making trees that work together to get the best answer.,"Imagine a group of friends trying to guess the weather. Each friend has a simple way to guess (like ""it's sunny if it's warm""). XGBoost is like taking all their guesses and combining them to make a super accurate prediction.","A company uses XGBoost to predict customer churn, or when a customer stops using their service, by analyzing data like how long they've been a customer and how often they use the service.",ML Models
b534e6ad-21f2-4184-9d39-32e81760cc24,LightGBM,LightGBM is a type of machine learning model that helps computers make predictions by looking at data in small chunks. This makes it faster and more efficient.,"Imagine a librarian sorting books on a shelf. They take a few books at a time, quickly look at the titles, and then put them in the right order. LightGBM does something similar with data, but instead of books, it's looking at data points and making predictions.","A website using LightGBM to predict which products you might be interested in, based on what you've looked at before.",ML Models
40cdcce0-2ea2-412a-b736-e7b578942177,CatBoost,CatBoost is a type of machine learning model that uses a technique called gradient boosting to make predictions. It's like a team of experts working together to make a good guess.,"Imagine a group of friends trying to guess the number of candies in a jar. Each friend makes a guess, and then they all work together to make a more accurate guess. CatBoost does something similar, using many weak models to make a strong prediction.","CatBoost is used in a company to predict customer churn, or when a customer stops using their service. By analyzing customer data and behavior, CatBoost can help the company identify which customers are at risk of leaving and take steps to keep them.",ML Models
6f10d8db-fc6f-449a-aca3-e3ba94cabec6,Hierarchical Clustering,"Hierarchical Clustering is a way to group similar things together based on how similar they are. It creates a tree-like structure, where similar things are closer to each other, and less similar things are farther apart.","Imagine you're organizing a big box of different colored socks. You start by grouping the socks that are closest in color together, then the next closest, and so on. As you keep grouping, you create a tree-like structure of similar socks.","A company uses Hierarchical Clustering to group customers based on their shopping habits, so they can offer targeted promotions and discounts.",ML Models
b9e141e7-591b-40a6-89f3-83e843b77ced,Convolutional Neural Network,A Convolutional Neural Network is a type of computer program that helps machines see and understand images by looking at small parts of the picture at a time. It's like a pair of glasses that helps the machine focus on specific details.,"Imagine a detective trying to solve a puzzle by looking at small clues, like a torn piece of fabric or a suspicious footprint. The detective focuses on each clue separately before putting the whole picture together.","A self-driving car using a Convolutional Neural Network to recognize and follow traffic lights, road signs, and pedestrians.",ML Models
c22a1f39-581a-4621-892c-1008de59218a,Principal Component Analysis,Principal Component Analysis is a way to simplify a lot of data by finding the most important features that explain it. Imagine it like a big box of different colored crayons – PCA helps find the few colors that make the most beautiful picture.,Imagine taking a big pile of clothes and trying to find the most essential items to pack for a trip. PCA is like a personal stylist that helps you pick the few clothes that make the most impact.,"A company uses PCA to analyze customer reviews and find the most important factors that affect customer satisfaction, such as price, quality, and service.",ML Models
a0d41656-e503-452c-950f-02e54f2022b6,Neural Network,"A neural network is a way to teach a machine to learn from data by creating a model that is inspired by how our brains work. It's made up of layers that process information, kind of like how our brain processes thoughts and memories.","Imagine a team of workers sorting letters in a post office. Each worker looks at the address on the letter and makes a decision about where to send it next. The neural network is like a big team of these workers, each one looking at a piece of information and sending it to the next worker to make the next decision.","Self-driving cars use neural networks to recognize roads, traffic lights, and pedestrians, helping them navigate safely.",ML Models
4d4ee2f9-2cc2-4693-a060-5f14c6890761,Deep Learning,Deep learning is a type of machine learning that uses many layers of information to make predictions. Think of it like a super-smart brain that can look at lots of details to understand something.,"Imagine a detective trying to solve a mystery. They start by looking at a few clues, but then they look closer at each clue, and then they think about how all the clues fit together. That's kind of like what deep learning does, but with lots of information and layers of clues.","Self-driving cars use deep learning to recognize objects on the road, like pedestrians, cars, and traffic lights, so they can navigate safely.",ML Models
e293038d-53ba-4171-92a2-d2483a449bc4,Epoch,An epoch is a single pass through the training data when a machine learning model is being trained. It's like going through a list of items once.,"Imagine reading a book from start to finish. Each time you finish the book, it's like completing an epoch. You've gone through the entire list of pages once.",,Training Concepts
1b7bc49a-1ca3-4751-81ee-250c8fa12f82,Batch,A batch is a group of data that is used to train a machine learning model at one time. Think of it like a big box of cookies.,"Imagine you're baking a batch of cookies. You put all the ingredients together, mix them, and then bake them all at once. In machine learning, a batch is like that box of cookies – a collection of data that's used to train the model all at once.","A self-driving car's training data might be a batch of 10,000 images of roads, which it uses to learn how to navigate.",Training Concepts
9311a7d2-9d1a-4c62-8bd5-a14680e8ad2d,Learning Rate,The learning rate is the speed at which a machine learning model learns from its mistakes. It's like how quickly a student corrects their work when they make a mistake.,"Imagine you're trying to hit a target with a dart. If you throw the dart too fast, you might miss the target completely. But if you throw it too slow, you might hit the target, but it would take a long time. The learning rate is like finding the perfect speed to throw the dart – not too fast, not too slow.","A model learning to recognize pictures of cats and dogs might need a high learning rate to quickly adjust its understanding of the differences between the two, but a low learning rate might be better for a model trying to learn from a small amount of data.",Training Concepts
74a0c947-2832-4cc3-96e4-6e2dcdc7d28a,Loss,Loss is a measure of how far off a machine learning model's predictions are from the correct answers. It's like a score that shows how well the model is doing.,"Imagine you're trying to hit a target with a dart. Loss is like the distance between the dart and the center of the target. The smaller the distance, the better you're doing.",A self-driving car model might have a loss of 20% if it incorrectly identifies 20% of pedestrians as obstacles.,Training Concepts
141aa328-05b5-468d-a8d0-7be310424365,Cost Function,A cost function is a way to measure how well a machine learning model is doing. It's like a report card that tells you how good or bad your predictions are.,Imagine you're trying to guess the weight of a bunch of fruits at a market. Your cost function would be like a calculator that adds up the difference between your guess and the actual weight of each fruit. The goal is to get the smallest total difference possible!,"A self-driving car's cost function would be to minimize the difference between its predicted route and the actual route it takes, so it can get you to your destination safely and efficiently.",Training Concepts
262c6722-5f76-4a0c-b549-a8816381f31e,Optimization,Optimization is the process of finding the best solution for a problem by making small changes and testing them to see what works best. It's like trying different routes to get to a destination and choosing the one that takes the least time.,Imagine you're planning a road trip and you need to find the shortest route between two cities. You can try different roads and see which one gets you there the fastest. You keep trying different roads until you find the one that works best.,"A self-driving car's algorithm uses optimization to find the best route to its destination, taking into account traffic, road conditions, and other factors.",Training Concepts
98f3e521-ac15-4638-8807-ed51d93950db,Gradient Descent,"Gradient Descent is a way to find the best settings for a machine learning model by adjusting them in the right direction, a little bit at a time. It's like slowly moving up a hill until you reach the top.","Imagine you're on a hike and you want to reach the summit. You can't see the top, but you know the direction you need to go. You take small steps, adjusting your path slightly each time, until you finally reach the top.",A self-driving car learning to navigate roads by adjusting its steering and speed slightly each time to get closer to its destination.,Training Concepts
bf905b32-f019-401d-995c-ba7d2f34ff56,Backpropagation,Backpropagation is a way to adjust the machine learning model's performance by looking at how wrong it was on previous attempts. It's like adjusting the dials on a radio to get the best sound.,"Imagine you're trying to hit a target with a dart. Each time you throw, you see how far off you are. You adjust your aim slightly and try again. This process helps you get closer to the target with each throw.",A self-driving car learning to recognize traffic lights by adjusting its predictions after seeing how far off it was on previous attempts.,Training Concepts
8e05a657-da19-4ab8-b265-0fb539ff05a9,Hyperparameter,A hyperparameter is a setting that is adjusted before training a machine learning model. It's like the controls on a camera that help it take the best picture.,Imagine adjusting the brightness and contrast settings on your TV before watching a movie. You need to get the settings just right so that the picture looks good.,"A hyperparameter might be the number of hidden layers in a neural network, which is adjusted before training to get the best results.",Training Concepts
64210df5-302f-4718-b3a6-dcbd220a70f8,Accuracy,Accuracy is a measure of how often a machine learning model makes the right prediction. It's like counting how many times you correctly guess a coin toss.,"Imagine you're trying to guess the weather by looking at the sky. If you correctly guess the weather 9 out of 10 times, your accuracy is 90%.","A self-driving car's accuracy in recognizing pedestrians is crucial for safe navigation, so it's trained to detect pedestrians correctly most of the time.",Metrics
75c7c810-7690-49c8-b327-4d93406283f2,Precision,"Precision is a measure of how accurate a machine learning model is when it says something is true. It's the number of correct ""yes"" answers divided by all the ""yes"" answers it gave.","Imagine you're a librarian trying to find books on a specific topic. Precision is like checking how many of the books you found are actually about that topic. If you found 10 books and 8 of them are correct, your precision is 80%.","A self-driving car's precision would be how often it correctly identifies a pedestrian in the road, compared to all the times it thinks it sees a pedestrian.",Metrics
e2319d2d-6f9c-4e90-a71d-0c15cd7aa9fd,Recall,Recall is a measure of how often a system correctly identifies something it should. It's like a test to see how well the system remembers the things it's learned.,"Imagine you're trying to find your favorite book in a library. Recall is like remembering where you put the book last time. If you can find it 80% of the time, your recall is 80%.",A medical diagnosis system that correctly identifies 90% of patients with a certain disease.,Metrics
481f9341-b9c0-4491-a2e2-3e2b3d371989,F1 Score,"The F1 score is a measure that shows how well a machine learning model can correctly identify something, like whether an email is spam or not. It's a balance between how many things it correctly identifies and how many things it misses.","Imagine a librarian trying to find all the books on a shelf that have a certain color cover. They might correctly find 90% of the books, but miss 10%. The F1 score would show how well they did at finding all the books, taking into account both how many they found and how many they missed.","A self-driving car's F1 score might be used to measure how well it can detect pedestrians, by comparing how many pedestrians it correctly identifies and how many it misses.",Metrics
f89a3044-4fdb-473a-9cef-f5a17fc7b9ae,True Positive,"A true positive is when a system correctly predicts something that is actually true. For example, if a medical test says you have a fever, and you actually do have a fever, that's a true positive.","Imagine you're at an airport, and the security scanner flags you for extra screening. You're actually carrying a prohibited item, so the scanner is correct in flagging you.",A self-driving car correctly identifying a pedestrian in the road.,Metrics
1ec79a0f-279c-4932-8566-fd17a211f55e,False Positive,A false positive is when a system predicts something that is actually not true. It's like when a security alarm goes off when there's no real threat.,"Imagine you're at the airport, and the security scanner beeps when you're wearing a metal belt. You're not a threat, but the system thinks you are.","A medical test that says you have a disease when you don't, or a spam filter that flags an innocent email as spam.",Metrics
5dc45783-2d67-418c-8b38-282381bb0cba,True Negative,"It is when a machine learning system correctly says that something is not a problem, when it really isn't. For example, when a doctor says you don't have a disease, and you actually don't.","Imagine a security guard at a store. They check everyone who enters, and if someone doesn't have a stolen item, they let them go. A true negative is like that person being let go, because they didn't do anything wrong.","A medical diagnosis system correctly saying that a patient doesn't have a certain disease, when they really don't.",Metrics
282aefdd-cb5c-4c7a-a381-d2e8869bafd3,False Negative,A false negative is when a machine learning system incorrectly says something is not a problem when it actually is. This can lead to missing important information.,Imagine a fire alarm that says there's no fire when there really is. The building is in danger because the alarm didn't work correctly.,"A self-driving car's collision detection system fails to alert the driver of an impending crash, allowing the accident to happen.",Metrics
d6bc7689-795f-47b6-8433-f5b34146062f,Confusion Matrix,A confusion matrix is a table that shows how well a machine learning model is doing in its predictions. It compares the model's predictions to the actual answers to see what's working and what's not.,"Imagine you're a librarian trying to categorize books into fiction and non-fiction. The confusion matrix would be like a chart showing how many books you correctly put in each category, and how many you got wrong.","A doctor using a machine learning model to diagnose diseases might use a confusion matrix to see how often the model correctly diagnoses a patient as healthy or sick, and how often it makes mistakes.",Metrics
61ad471f-af96-4195-81c1-18af6517e235,Mean Squared Error,The Mean Squared Error (MSE) is a way to measure how far the system's predictions are from the real answers. It's like calculating the average of the squared differences between what the system predicted and what actually happened.,"Imagine you're a weather forecaster, and you predict the temperature for each day. If your prediction is 10 degrees off from the actual temperature, that's a big mistake. But if your prediction is only 1 degree off, that's a smaller mistake. The Mean Squared Error is like adding up all these mistakes, squaring them, and then dividing by the total number of predictions.","A self-driving car's system might use Mean Squared Error to measure how accurately it predicts the distance to the car in front, so it can slow down or speed up accordingly.",Metrics
5c569705-dd4a-4aca-9ce2-94872eb71543,Mean Absolute Error,Mean Absolute Error is a measure of how far off a machine learning model's predictions are from the real values. It's like calculating the average distance between two points.,"Imagine you're a chef, and you're trying to guess the weight of a batch of ingredients. The Mean Absolute Error would be the average difference between your guess and the actual weight.","A self-driving car's speed predictor uses Mean Absolute Error to measure how accurate its predictions are, so it can improve its navigation system.",Metrics
e45de4fe-f5b8-48df-a5c0-5f3daeeb8891,R-Squared,R-Squared measures how well a model fits the data. It shows how much of the data the model can explain.,"Imagine you're trying to guess the number of cookies in a jar based on how full it looks. If your guess is always close to the actual number, you're doing a great job. R-Squared is like a score that shows how close your guesses are to the actual number.","A weather forecasting model that predicts temperature with 90% accuracy has a high R-Squared value, indicating it's a good fit for the data.",Metrics
2b92ab9c-7455-44a1-97ea-a13646c28a73,Bias,"Bias is when a machine learning system learns from data that is not fair or balanced, leading to incorrect or unfair decisions. It's like a camera that always takes pictures of people with blue eyes, and then thinks everyone has blue eyes.","Imagine a librarian who only recommends books by authors with the same last name as the library's owner. This librarian might not be recommending the best books, just the ones they're familiar with.","A facial recognition system that is trained on mostly white faces, and then can't recognize darker-skinned people.",Bias Ethics
99a27ea2-c094-406c-a4f9-b0ea0d153cd2,Data Bias,Data bias is when the information used to train a machine learning model is not fair or balanced. This can lead to the model making incorrect or unfair decisions.,"Imagine a photo album filled with pictures of only smiling people. If a machine learning model is trained on this album, it might think that everyone is always happy, which isn't true.",A facial recognition system that is trained on mostly white faces and doesn't work well with darker skin tones.,Bias Ethics
2f309c8c-37f3-4967-8a00-454b98e90e98,Model Bias,"Model bias is when a machine learning system makes decisions based on the data it was trained with, which can contain its own biases. This can lead to unfair or inaccurate results.","Imagine a photo filter that always makes people with darker skin tones look paler. This filter was trained on a dataset that mostly featured lighter-skinned people, so it learned to adjust the color to match what it saw most often.","A facial recognition system that incorrectly identifies people of a certain ethnicity, because the training data contained biased images.",Bias Ethics
4f0b9ecc-e90f-4700-af77-3794de1095a9,Responsibile AI,"Responsible AI is making sure that the decisions made by machines are fair, safe, and beneficial to society. This includes being transparent about how the decisions are made and avoiding harm to people or the environment.","Imagine being a guest at a dinner party. You want to make sure that the food served is safe to eat and that everyone has a good time. Responsible AI is like being a good host, making sure that the machine's actions are respectful and helpful to all.",A self-driving car learning to avoid pedestrians and other road users while also respecting traffic rules to ensure safety for everyone.,Bias Ethics
b2564b72-b214-4287-95ef-0bf74e662d6a,Variance,Variance is a measure of how spread out a set of numbers is. It shows how much the numbers differ from each other.,"Imagine you're measuring the heights of your friends. If they're all around the same height, the variance is low. But if some are really tall and some are really short, the variance is high.","A facial recognition system that incorrectly identifies people with darker skin tones as having a higher variance in their features, which can lead to biased results.",Bias Ethics
03909966-3a33-4509-8c24-1486d02ce0c9,Overfitting,"Overfitting is when a machine learning model becomes too good at recognizing the specific data it was trained on, but fails to make accurate predictions on new, unseen data. This is like trying to recognize a specific friend in a crowded room, but not being able to recognize anyone else.","Imagine trying to learn the face of your best friend by studying a single photo of them. You might be able to recognize them perfectly in that one photo, but when you see them in a different lighting or with a different hairstyle, you might not be able to recognize them at all.","A self-driving car model that is trained to recognize a specific type of road sign, but fails to recognize similar signs in different parts of the city.",Bias Ethics
dbb019c1-dcec-4e88-b8f4-bde9ae28acc6,Underfitting,"Underfitting is when a machine learning model is too simple and fails to learn from the data. This means it doesn't capture the patterns or relationships in the data, leading to poor predictions.","Imagine trying to draw a portrait of a person using only a few simple shapes like circles and squares. The portrait won't look like the person at all, because the shapes are too basic to capture the details.","A model that predicts the weather by only looking at the temperature, without considering other factors like humidity or wind speed, will likely underfit and make poor predictions.",Bias Ethics
24e1467e-fdfa-4409-8f0e-a7c8c1985e28,Fairness,"Fairness in machine learning means that the system treats everyone equally and doesn't make decisions based on personal characteristics like race, gender, or age. It's like making sure everyone has an equal chance to play on a level field.",Imagine a park with swings that are all the same height. Everyone can play on the swings without anyone being favored or disadvantaged.,"A hiring system that doesn't discriminate against candidates based on their name or location, giving everyone an equal chance to be selected for a job.",Bias Ethics
50459630-7f12-428c-b5bf-f49876d0ecc9,Explainability,"Explainability is the ability to understand why a machine learning model made a certain decision. It helps us see what factors the model used to make that decision, like looking at the ingredients in a recipe.","Imagine you're at a restaurant and you ask the chef to make you a special dish. You want to know what spices and ingredients they used, so you can make it again at home. Explainability is like asking the chef to show you their recipe.","A self-driving car's explainability feature would show you why it decided to stop at a red light, like ""the car saw a pedestrian crossing the road"" or ""there was a car stopped in front of us"".",Bias Ethics
0a45d9be-0f1d-47c3-9e03-0f10a22a337d,Ethical AI,"Ethical AI refers to the practice of creating and using artificial intelligence in a way that is fair, transparent, and respectful of human values. It involves considering the potential impact of AI on individuals and society.","Imagine a librarian who organizes books in a way that is fair and accessible to everyone. They make sure that everyone can find the information they need, without any bias towards a particular group.","A healthcare AI system that is designed to provide accurate diagnoses and treatments, without discriminating against certain patients based on their age, gender, or background.",Bias Ethics
91194aa2-dc36-4dcc-a146-fea8787c9287,Artificial Intelligence,Artificial Intelligence is when a computer system can think and learn like a human being. It's like a super-smart robot that can make decisions and solve problems on its own.,"Imagine a personal assistant who can help you with tasks, remember your preferences, and even make suggestions for you.",Virtual assistants like Siri or Alexa use AI to understand your voice commands and respond accordingly.,AI Basics
de7c8791-5d68-4c57-8f85-360977bdd934,Generative AI,"Generative AI is a type of artificial intelligence that can create new things, like images, music, or even text, based on what it has learned from existing data. It can imagine and produce new ideas on its own.","Imagine a painter who has learned to paint by looking at many different artworks. After that, the painter can create their own unique paintings, even though they've never seen the exact scene before.","A generative AI can create new images of cats, even though it's never seen a real cat before, by learning from a large collection of cat pictures.",AI Basics
529dcfce-49c5-4d1c-9949-5470151250cd,Large Language Model,"A large language model is a type of computer program that can understand and generate human-like language. It's trained on a huge amount of text data, like books, articles, and conversations, which helps it learn patterns and relationships between words.",Imagine a super-smart librarian who has read every book in the world and can recall any quote or sentence you ask for. They can even write a new story based on what they've learned.,A chatbot using a large language model to respond to user queries and have a conversation that feels natural and helpful.,AI Basics
314f6905-33ac-4bea-9b2f-1bbb24ced92f,Prompt,A prompt is a question or statement that you give to a machine learning model to get a response. It's like asking a friend a question and expecting a helpful answer.,Imagine you're asking a friend what to wear on a sunny day. You're giving them a prompt (the question) and expecting a helpful response (their answer).,"When you ask Siri to ""plan a trip to Paris,"" you're giving a prompt to the AI assistant, and it responds with a helpful plan.",AI Basics
e5bae7d5-9040-4d23-bb47-6e09bdc0d69f,Token,"A token is a small unit of information, like a word or a number, that a computer can understand. Think of it like a single Lego brick that can be combined with others to build something bigger.",Imagine you're playing Scrabble. A token is like a single letter tile that you can use to make words.,"In natural language processing, tokens are used to break down text into individual words or characters that a machine can analyze and understand.",AI Basics
30cee930-bc96-4347-b1a7-c2fcac155f55,Embedding,"An embedding is a way to turn words or numbers into special points in space that are close to each other if they're similar. For example, ""dog"" and ""cat"" might be close together because they're both animals.","Imagine a big map where countries are close together if they're friends or have similar cultures. In the same way, embeddings help machines understand relationships between words or numbers.","Language translation apps use embeddings to turn words from one language into points in space that correspond to similar words in another language, making it easier to translate.",AI Basics
6d68ec8e-a96f-43d7-88d5-74effdb1e762,Context,Context is the information or details surrounding a situation or event. It helps the system understand what's happening and make better decisions.,"Imagine you're at a party and someone says ""pass the salt."" Without knowing that you're at a party, eating food, and there's a saltshaker nearby, you might not understand what they mean.","A voice assistant like Siri or Alexa uses context to understand what you're saying. For example, if you say ""turn on the lights"" at night, it knows you're talking about the living room lights and turns them on.",AI Basics
4a089528-00eb-4d56-84f1-97cc6a0e43b0,Hallucination,"It is when a machine learning model makes up information that is not actually there. This can happen when the model is trying to fill in missing data or make predictions, but it gets things completely wrong.","Imagine you're trying to complete a puzzle with missing pieces. If you start guessing and make up pieces that aren't really there, you're ""hallucinating"" – creating something that isn't real.","A self-driving car might think it sees a pedestrian when there isn't one, and stop the car unnecessarily.",AI Basics
05dba73d-fd58-40ec-8631-b0a8fb1c26ed,Retrieval,Retrieval is when a computer searches for and finds information that matches what you're looking for. It's like searching for a specific book in a library.,"Imagine you're at a library, and you ask the librarian to find a book about a particular topic. The librarian searches through the shelves and brings you the book that matches your request.","When you type a question into a search engine like Google, it uses retrieval to find relevant websites and articles that answer your question.",AI Basics
24bba802-e65c-456a-922a-c361d54c2877,Vector Database,"A vector database is a type of database that stores data in a special way, using numbers that can be easily compared and matched. This helps computers find similar information quickly.","Imagine a big library with books on shelves. In a regular library, books are organized by author or title, but in a vector database, books are organized by their ""fingerprints"" - a unique set of numbers that describe the book's content.","A music streaming service using a vector database to find similar songs to the ones you already listen to, so you can discover new music.",AI Basics
317c494b-31fd-4a74-b173-c32953f172ca,Agentic AI,"Agentic AI is a type of AI that can make decisions and take actions on its own, like a person would. It's like a robot that can think for itself.","Imagine a personal assistant who can plan your day, make decisions, and take actions without needing you to tell them what to do. They can problem-solve and adapt to new situations.",A self-driving car using agentic AI to navigate through traffic and make decisions to reach its destination safely.,AI Basics
8c39176b-2a02-41c5-a9cf-4e6f200a9c22,Automation,Automation is when a machine or computer system does tasks on its own without needing human help. It uses rules and instructions to make decisions and complete tasks.,"Imagine a factory where robots assemble cars. They follow a set of instructions and use tools to do the job, without needing a human to tell them what to do.",A chatbot answering customer queries without needing a human customer support agent to respond.,AI Basics
cb0316be-a21f-445e-ad1d-27d8f2b85f38,Agents,"In AI, an agent is a program that makes decisions or takes actions on its own. It's like a computerized character that can think and act like a person.","Imagine a personal shopping assistant at a store. It helps you find what you need, recommends products, and even makes purchases for you.",A chatbot on a website that can understand and respond to user queries is an example of an AI agent.,AI Basics
989ef208-a5d0-4c54-abf5-9397ac1e9399,Chatbot,"A chatbot is a computer program that can have a conversation with a person, like a real person talking to you. It's like a computer that can understand and respond to questions or messages.","Imagine a virtual receptionist at a hotel. When you ask for directions, the receptionist gives you clear and helpful answers. A chatbot is like this virtual receptionist, but on your phone or computer.","When you ask Siri or Alexa a question, they're both examples of chatbots helping you find information or control your devices.",AI Basics
b81013e8-15a5-4b07-9b19-d6a811c47525,Deployment,Deployment is the process of putting a machine learning model into use in the real world. It's like taking a model from a classroom and using it in a real-life situation.,"Imagine a chef training in a kitchen, but the chef never actually serves food to customers. Deployment is like the chef finally opening their own restaurant and serving food to people.",A self-driving car company deploying a model to navigate roads and avoid accidents.,Deployment Basics
6bb5ecd6-889a-4b12-9ce4-b4269f204dc0,Inference,"Inference is when a machine learning model makes a prediction or decision based on the data it has learned from. It's like the model is saying, ""Based on what I know, I think this is likely to happen.""",Imagine you're at a coffee shop and you see someone wearing a jacket that's perfect for the rainy weather outside. You might infer that it's probably raining outside because of their jacket choice.,A self-driving car's inference system uses the data it's learned from to decide whether to slow down or speed up based on the road conditions.,Deployment Basics
de2e81bf-55cf-4c7d-aa55-b39b1183f220,API,An API is like a messenger that helps different computer systems talk to each other. It sends and receives information in a way that both systems can understand.,"Imagine you're at a restaurant and you want to order food, but you don't speak the language of the chef. You ask a translator to help you order, and they tell the chef what you want. The chef then makes your food and the translator brings it back to you. In this case, the translator is like an API, helping the restaurant (system) and you (user) communicate.","A weather app using an API to get the current temperature from a weather service, so it can display it on the user's phone.",Deployment Basics
3d71c245-5a78-4a27-a586-acaaa025bf07,Endpoint,An endpoint is a specific location on the internet where a machine learning model or application can receive requests or send data. Think of it like a street address where you can find a specific house.,"Imagine a mailbox where you send letters to a friend. The mailbox is like an endpoint, and the address on the letter is like the endpoint's location.","A web service that predicts house prices using a machine learning model might have an endpoint that receives a house's features, such as number of bedrooms and square footage, and returns a predicted price.",Deployment Basics
e8680390-8816-4cc8-883c-dfe785cb5089,Latency,Latency is the time it takes for a machine to respond to a request. It's like how long it takes for a website to load when you click on a link.,"Imagine you're waiting in line at a coffee shop. The longer you wait, the higher the latency. You want your coffee as soon as possible, right?",A video streaming service with high latency might cause a delay between when you press play and when the video starts playing.,Deployment Basics
5924d7f3-aa84-444e-8f0a-a0eec0014e1f,Monitoring,Monitoring is the process of keeping track of how well a machine learning system is working in real-life situations. It's like checking the system's vital signs to make sure it's healthy and performing as expected.,"Imagine you're a manager at a restaurant, and you need to keep an eye on how many customers are coming in, how long they're waiting for food, and how happy they are with their meals. You use this information to make sure everything runs smoothly.","A company uses monitoring to track how well their chatbot is answering customer questions, so they can fix any problems and make it more helpful over time.",Deployment Basics
dcf0e444-f9fb-4113-8594-371ea5c3fc61,Model Drift,Model drift happens when a machine learning model that was trained on old data starts making wrong predictions on new data. This can happen if the data changes over time.,"Imagine a weather forecast model that was trained on data from last year. If the weather patterns change this year, the model will keep predicting the old weather, not the new one.",A model that predicts customer churn based on historical data may start predicting wrong churn rates if the company changes its pricing strategy or the market conditions change.,Deployment Basics
